{"cameraMode":{"drawMode":0,"name":"Shaded","section":"Shading Mode"},"sceneLighting":false,"audioPlay":false,"sceneViewState":{"m_AlwaysRefresh":false,"showFog":true,"showSkybox":false,"showFlares":true,"showImageEffects":true,"showParticleSystems":true,"showVisualEffectGraphs":true,"m_FxEnabled":true},"in2DMode":false,"pivot":{"x":-2.7551000118255617,"y":-1.3671000003814698,"z":2.4987499713897707},"rotation":{"x":-0.15406270325183869,"y":0.34664440155029299,"z":-0.057834088802337649,"w":-0.9234654903411865},"size":1.4782124757766724,"orthographic":false}