{"cameraMode":{"drawMode":0,"name":"Shaded","section":"Shading Mode"},"sceneLighting":true,"audioPlay":false,"sceneViewState":{"m_AlwaysRefresh":false,"showFog":true,"showSkybox":false,"showFlares":true,"showImageEffects":true,"showParticleSystems":true,"showVisualEffectGraphs":true,"m_FxEnabled":true},"in2DMode":false,"pivot":{"x":6.201976776123047,"y":1.8097763061523438,"z":10.477792739868164},"rotation":{"x":0.08142848312854767,"y":0.8765555024147034,"z":-0.15978644788265229,"w":0.4466964304447174},"size":7.971739292144775,"orthographic":false}