{"cameraMode":{"drawMode":0,"name":"Shaded","section":"Shading Mode"},"sceneLighting":false,"audioPlay":false,"sceneViewState":{"m_AlwaysRefresh":false,"showFog":true,"showSkybox":false,"showFlares":true,"showImageEffects":true,"showParticleSystems":true,"showVisualEffectGraphs":true,"m_FxEnabled":true},"in2DMode":false,"pivot":{"x":-0.41185104846954348,"y":2.407758951187134,"z":-0.0030994415283203127},"rotation":{"x":0.2941633462905884,"y":0.46433141827583315,"z":-0.16686852276325227,"w":0.8185477256774902},"size":8.90236759185791,"orthographic":true}