{"cameraMode":{"drawMode":0,"name":"Shaded","section":"Shading Mode"},"sceneLighting":false,"audioPlay":false,"sceneViewState":{"m_AlwaysRefresh":false,"showFog":true,"showSkybox":false,"showFlares":true,"showImageEffects":true,"showParticleSystems":true,"showVisualEffectGraphs":true,"m_FxEnabled":true},"in2DMode":false,"pivot":{"x":-0.07203882932662964,"y":0.17955315113067628,"z":0.3221094012260437},"rotation":{"x":0.07283657789230347,"y":-0.7761175632476807,"z":0.09122272580862045,"w":0.6196925044059753},"size":1.0035920143127442,"orthographic":false}