{"cameraMode":{"drawMode":0,"name":"Shaded","section":"Shading Mode"},"sceneLighting":false,"audioPlay":false,"sceneViewState":{"m_AlwaysRefresh":false,"showFog":true,"showSkybox":false,"showFlares":true,"showImageEffects":true,"showParticleSystems":true,"showVisualEffectGraphs":true,"m_FxEnabled":true},"in2DMode":false,"pivot":{"x":0.08955806493759155,"y":0.13237431645393372,"z":-0.33898860216140749},"rotation":{"x":0.07283657789230347,"y":-0.7761175632476807,"z":0.09122272580862045,"w":0.6196925044059753},"size":0.7035920023918152,"orthographic":false}