{"cameraMode":{"drawMode":0,"name":"Shaded","section":"Shading Mode"},"sceneLighting":true,"audioPlay":false,"sceneViewState":{"m_AlwaysRefresh":false,"showFog":true,"showSkybox":true,"showFlares":true,"showImageEffects":true,"showParticleSystems":true,"showVisualEffectGraphs":true,"m_FxEnabled":true},"in2DMode":false,"pivot":{"x":96.15924072265625,"y":18.58472442626953,"z":942.337158203125},"rotation":{"x":0.023086711764335634,"y":0.9604612588882446,"z":-0.08376866579055786,"w":0.26456907391548159},"size":11.720381736755371,"orthographic":false}