{"cameraMode":{"drawMode":0,"name":"Shaded","section":"Shading Mode"},"sceneLighting":true,"audioPlay":false,"sceneViewState":{"m_AlwaysRefresh":false,"showFog":true,"showSkybox":true,"showFlares":true,"showImageEffects":true,"showParticleSystems":true,"showVisualEffectGraphs":true,"m_FxEnabled":true},"in2DMode":false,"pivot":{"x":72.57725524902344,"y":32.829551696777347,"z":-223.52330017089845},"rotation":{"x":-0.03639416769146919,"y":0.9635893702507019,"z":-0.18313035368919373,"w":-0.19151923060417176},"size":83.48153686523438,"orthographic":false}