{"cameraMode":{"drawMode":0,"name":"Shaded","section":"Shading Mode"},"sceneLighting":false,"audioPlay":false,"sceneViewState":{"m_AlwaysRefresh":false,"showFog":true,"showSkybox":false,"showFlares":true,"showImageEffects":true,"showParticleSystems":true,"showVisualEffectGraphs":true,"m_FxEnabled":true},"in2DMode":false,"pivot":{"x":9.5367431640625e-7,"y":-0.4369274377822876,"z":-0.899592399597168},"rotation":{"x":0.001405067159794271,"y":0.9956926107406616,"z":-0.09167182445526123,"w":0.015236648730933667},"size":10.713837623596192,"orthographic":false}