{"cameraMode":{"drawMode":0,"name":"Shaded","section":"Shading Mode"},"sceneLighting":false,"audioPlay":false,"sceneViewState":{"m_AlwaysRefresh":false,"showFog":true,"showSkybox":false,"showFlares":true,"showImageEffects":true,"showParticleSystems":true,"showVisualEffectGraphs":true,"m_FxEnabled":true},"in2DMode":false,"pivot":{"x":0.0000011920928955078126,"y":0.04188895225524902,"z":-0.024689435958862306},"rotation":{"x":0.0899207592010498,"y":0.5302810072898865,"z":-0.05668943375349045,"w":0.8411316871643066},"size":7.917588233947754,"orthographic":false}