{"cameraMode":{"drawMode":0,"name":"Shaded","section":"Shading Mode"},"sceneLighting":false,"audioPlay":false,"sceneViewState":{"m_AlwaysRefresh":false,"showFog":true,"showSkybox":false,"showFlares":true,"showImageEffects":true,"showParticleSystems":true,"showVisualEffectGraphs":true,"m_FxEnabled":true},"in2DMode":false,"pivot":{"x":-4.76837158203125e-7,"y":0.0006546080112457275,"z":0.009734153747558594},"rotation":{"x":0.0899207592010498,"y":0.5302810072898865,"z":-0.05668943375349045,"w":0.8411316871643066},"size":8.934272766113282,"orthographic":false}